build_id,start_time,end_time,machine,avg_laser_power_w,avg_scan_speed_mm_s,hatch_spacing_mm,layer_thickness_um,powder_batch
B00342,2025-02-09 18:31:48.976864,2025-02-10 14:00:52.334761,M000,282.95,1086.15,0.2,40,POW_AlSi10Mg_000
B00343,2025-02-09 14:18:26.028030,2025-02-11 18:35:55.009248,M001,304.03,372.53,0.1,40,POW_AlSi10Mg_001
B00344,2025-02-09 21:59:58.539147,2025-02-10 19:10:05.603395,M002,297.86,1218.97,0.1,60,POW_AlSi10Mg_002
B00345,2025-02-10 16:27:15.394350,2025-02-11 12:57:11.067449,M000,425.2,1066.85,0.1,40,POW_AlSi10Mg_000
B00346,2025-02-11 22:25:15.079998,2025-02-12 17:03:27.450787,M001,149.04,848.83,,50,POW_AlSi10Mg_001
B00347,2025-02-11 01:50:18.119170,2025-02-11 18:23:58.180468,M002,302.01,802.57,0.1,60,POW_AlSi10Mg_002
B00348,2025-02-11 16:48:12.217446,2025-02-12 14:55:32.854447,M000,253.22,1151.48,0.2,30,POW_AlSi10Mg_000
B00349,2025-02-12 23:42:31.718529,2025-02-13 17:47:41.550425,M001,393.22,1201.87,0.2,30,POW_AlSi10Mg_001
B00350,2025-02-11 21:52:48.867481,2025-02-12 21:03:38.636429,M002,,1027.15,0.1,40,POW_AlSi10Mg_002
B00351,2025-02-12 20:30:27.021362,2025-02-13 20:15:16.936237,M000,346.84,710.67,0.1,60,POW_AlSi10Mg_000
B00352,2025-02-13 22:05:44.045662,2025-02-14 14:52:42.612265,M001,507.9,968.74,0.1,50,POW_AlSi10Mg_001
B00353,2025-02-13 02:29:21.327160,2025-02-14 17:32:44.231333,M002,490.52,765.38,0.1,50,POW_AlSi10Mg_002
B00354,2025-02-14 06:59:57.924975,2025-02-15 06:25:54.296531,M000,400.15,1242.32,0.1,40,POW_AlSi10Mg_000
B00355,2025-02-14 18:27:34.757756,2025-02-15 22:27:55.690881,M001,500.25,1266.97,0.1,30,POW_AlSi10Mg_001
B00356,2025-02-14 21:01:43.352512,2025-02-17 01:35:40.639788,M002,250.21,446.09,0.1,60,POW_AlSi10Mg_002
B00357,2025-02-15 16:11:09.816286,2025-02-16 06:47:40.674435,M000,298.46,870.58,0.2,50,POW_AlSi10Mg_000
B00358,2025-02-16 00:52:27.550853,2025-02-19 19:17:23.803517,M001,192.26,406.31,0.1,40,POW_AlSi10Mg_001
B00359,2025-02-17 10:20:40.455744,2025-02-18 03:47:06.348167,M002,346.88,1162.27,0.2,30,POW_AlSi10Mg_002
B00360,2025-02-16 09:50:25.521862,2025-02-17 03:22:01.409231,M000,358.25,1207.72,0.1,40,POW_AlSi10Mg_000
B00361,2025-02-20 04:52:31.811216,2025-02-20 20:33:28.642437,M001,471.32,1218.04,0.1,50,POW_AlSi10Mg_003
B00362,2025-02-18 13:37:09.606068,2025-02-19 18:44:25.345460,M002,405.26,972.9,0.1,40,POW_AlSi10Mg_004
B00363,2025-02-17 11:26:17.729478,2025-02-17 22:19:06.642431,M000,315.45,1215.16,0.2,60,POW_AlSi10Mg_005
B00364,2025-02-21 01:40:15.932003,2025-02-21 23:32:25.596785,M001,461.16,1158.49,0.1,40,POW_AlSi10Mg_003
B00365,2025-02-20 03:50:30.930422,2025-02-20 18:56:46.114336,M002,401.27,1010.74,0.1,60,POW_AlSi10Mg_004
B00366,2025-02-18 07:14:47.552754,2025-02-19 05:42:55.527094,M000,405.9,1080.77,0.1,40,POW_AlSi10Mg_005
B00367,2025-02-22 03:08:36.180504,2025-02-22 22:34:03.009149,M001,362.87,1038.98,0.1,60,POW_AlSi10Mg_003
B00368,2025-02-21 00:46:41.933874,2025-02-23 01:11:01.812805,M002,,431.51,,60,POW_AlSi10Mg_004
B00369,2025-02-19 08:17:28.777794,2025-02-19 18:29:41.165669,M000,427.17,871.22,0.2,60,POW_AlSi10Mg_005
B00370,2025-02-23 09:34:46.343123,2025-02-23 18:44:17.209266,M001,353.24,1251.33,0.2,50,POW_AlSi10Mg_003
B00371,2025-02-23 05:34:26.679320,2025-02-25 11:39:48.066839,M002,151.48,767.92,0.1,30,POW_AlSi10Mg_004
B00372,2025-02-20 04:13:00.155458,2025-02-20 19:32:07.788752,M000,157.9,971.86,0.2,60,POW_AlSi10Mg_005
B00373,2025-02-24 03:45:45.533180,2025-02-26 19:17:18.750195,M001,144.69,358.1,0.1,50,POW_AlSi10Mg_003
B00374,2025-02-25 17:20:42.216234,2025-02-27 03:33:27.652532,M002,354.48,369.74,0.2,60,POW_AlSi10Mg_004
B00375,2025-02-20 23:18:40.877880,2025-02-21 19:14:30.933917,M000,448.36,1199.9,0.1,50,POW_AlSi10Mg_005
B00376,2025-02-26 22:19:17.683823,2025-03-01 21:00:21.332181,M001,143.69,381.08,0.1,50,POW_AlSi10Mg_003
B00377,2025-02-27 13:38:02.390040,2025-03-01 08:37:13.168422,M002,191.93,382.64,0.1,50,POW_AlSi10Mg_004
B00378,2025-02-22 06:15:01.182655,2025-02-24 05:26:49.317761,M000,241.21,376.43,0.1,50,POW_AlSi10Mg_005
B00379,2025-03-02 02:37:27.654762,2025-03-03 04:15:58.173793,M001,504.7,789.9,0.1,50,POW_AlSi10Mg_006
B00380,2025-03-01 19:15:10.334710,2025-03-02 14:54:25.214126,M002,149.23,725.33,0.1,60,POW_AlSi10Mg_007
B00381,2025-02-24 16:14:58.677555,2025-02-26 07:20:01.280773,M000,148.29,841.8,,30,POW_AlSi10Mg_008
B00382,2025-03-03 10:58:11.266016,2025-03-04 11:01:36.266813,M001,139.11,744.7,0.1,60,POW_AlSi10Mg_006
B00383,2025-03-02 23:15:07.218558,2025-03-03 16:40:35.588282,M002,399.07,1074.18,0.1,60,POW_AlSi10Mg_007
B00384,2025-02-26 14:50:45.096355,2025-02-27 16:59:59.685702,M000,516.11,1225.92,0.1,30,POW_AlSi10Mg_008
B00385,2025-03-04 15:42:20.958280,2025-03-06 00:40:27.039325,M001,149.42,352.93,0.2,60,POW_AlSi10Mg_006
B00386,2025-03-04 01:39:28.257534,2025-03-05 09:44:12.853378,M002,342.09,989.62,0.1,30,POW_AlSi10Mg_007
B00387,2025-02-28 02:49:55.427111,2025-03-02 03:07:52.953067,M000,312.6,1005.25,0.1,30,POW_AlSi10Mg_008
B00388,2025-03-06 07:10:39.938471,2025-03-06 13:01:52.246008,M001,254.3,,0.2,60,POW_AlSi10Mg_006
B00389,2025-03-05 12:19:41.307629,2025-03-06 14:06:42.865210,M002,330.07,1256.56,0.1,30,POW_AlSi10Mg_007
B00390,2025-03-02 09:32:50.822905,2025-03-03 17:30:43.896398,M000,405.31,831.35,0.1,50,POW_AlSi10Mg_008
B00391,2025-03-06 17:40:09.257157,2025-03-07 12:17:38.399960,M001,357.94,1247.06,0.1,50,POW_AlSi10Mg_006
B00392,2025-03-06 22:54:58.025190,2025-03-07 18:23:37.331467,M002,505.48,1271.93,0.1,40,POW_AlSi10Mg_007
B00393,2025-03-04 01:58:59.477234,2025-03-05 00:02:55.513676,M000,431.21,1030.03,0.1,50,POW_AlSi10Mg_008
B00394,2025-03-07 17:29:53.604067,2025-03-09 09:09:16.463450,M001,293.59,847.96,0.1,30,POW_AlSi10Mg_006
B00395,2025-03-07 22:26:28.021000,2025-03-10 23:01:29.175841,M002,217.43,313.11,0.1,50,POW_AlSi10Mg_007
B00396,2025-03-05 11:09:08.849649,2025-03-06 19:07:44.064434,M000,210.64,,0.2,30,POW_AlSi10Mg_008
B00397,2025-03-09 15:59:43.638874,2025-03-11 21:33:38.060574,M001,148.88,472.12,0.2,30,POW_AlSi10Mg_009
B00398,2025-03-11 03:42:57.556985,2025-03-12 22:27:21.732337,M002,140.01,369.56,0.2,40,POW_AlSi10Mg_010
B00399,2025-03-06 21:32:56.902841,2025-03-10 16:04:44.407326,M000,256.16,403.84,0.1,30,POW_AlSi10Mg_011
B00400,2025-03-12 02:17:46.141791,2025-03-12 23:48:09.381214,M001,504.24,1188.33,0.1,30,POW_AlSi10Mg_009
B00401,2025-03-13 02:44:40.405926,2025-03-14 05:23:06.118429,M002,402.78,1088.65,0.1,30,POW_AlSi10Mg_010
B00402,2025-03-10 18:25:04.789882,2025-03-13 20:58:14.112953,M000,244.8,347.09,0.1,30,POW_AlSi10Mg_011
B00403,2025-03-13 05:55:06.507061,2025-03-16 01:56:55.466868,M001,157.64,430.96,0.1,30,POW_AlSi10Mg_009
B00404,2025-03-14 08:01:04.340003,2025-03-15 09:25:31.166392,M002,349.01,759.34,0.1,40,POW_AlSi10Mg_010
B00405,2025-03-13 23:01:12.648813,2025-03-15 03:29:40.411530,M000,293.1,813.58,0.1,50,POW_AlSi10Mg_011
B00406,2025-03-16 06:08:02.815146,2025-03-16 22:21:15.575157,M001,406.19,992.19,0.1,40,POW_AlSi10Mg_009
B00407,2025-03-15 18:50:36.856594,2025-03-20 19:50:46.879008,M002,133.16,408.27,0.1,30,POW_AlSi10Mg_010
B00408,2025-03-15 06:13:42.021737,2025-03-16 02:01:19.909305,M000,449.8,883.26,0.1,60,POW_AlSi10Mg_011
B00409,2025-03-17 08:38:49.113092,2025-03-17 19:51:30.310563,M001,310.08,980.06,0.2,60,POW_AlSi10Mg_009
B00410,2025-03-20 23:05:54.846022,2025-03-22 07:05:41.066765,M002,295.96,1026.49,0.1,30,POW_AlSi10Mg_010
B00411,2025-03-16 09:49:00.588987,2025-03-19 16:28:22.198398,M000,,448.03,0.1,40,POW_AlSi10Mg_011
B00412,2025-03-17 22:36:47.388731,2025-03-19 10:09:36.516397,M001,344.37,986.57,0.1,30,POW_AlSi10Mg_009
B00413,2025-03-22 09:38:07.655533,2025-03-22 22:57:08.825582,M002,404.55,749.33,0.2,60,POW_AlSi10Mg_010
B00414,2025-03-19 20:23:30.657255,2025-03-20 09:34:53.737823,M000,402.45,1247.12,0.1,60,POW_AlSi10Mg_011
B00415,2025-03-19 17:05:52.571431,2025-03-20 06:26:13.974190,M001,166.81,877.36,0.2,30,POW_AlSi10Mg_009
B00416,2025-03-23 10:07:17.000433,2025-03-24 18:39:38.320522,M002,412.22,963.0,0.1,30,POW_AlSi10Mg_010
B00417,2025-03-20 19:59:34.478350,2025-03-21 22:12:01.251168,M000,502.81,1146.89,0.1,50,POW_AlSi10Mg_011
B00418,2025-03-20 11:45:30.653733,2025-03-22 09:42:37.150247,M001,448.1,778.28,0.1,40,POW_AlSi10Mg_009
B00419,2025-03-25 00:54:21.460761,2025-03-25 21:22:33.504929,M002,430.74,757.58,0.1,40,POW_AlSi10Mg_012
B00420,2025-03-22 00:55:03.540745,2025-03-22 11:43:54.011373,M000,438.22,1178.72,0.2,60,POW_AlSi10Mg_013
B00421,2025-03-22 17:50:37.306791,2025-03-23 10:45:53.320498,M001,350.28,1190.44,0.1,50,POW_AlSi10Mg_014
B00422,2025-03-26 05:34:43.134250,2025-03-26 21:15:17.566534,M002,151.73,1022.19,0.2,40,POW_AlSi10Mg_012
B00423,2025-03-22 19:33:14.248638,2025-03-23 11:07:03.035971,M000,251.83,808.08,0.2,60,POW_AlSi10Mg_013
B00424,2025-03-23 19:46:22.110978,2025-03-24 13:41:51.574463,M001,358.7,,0.1,60,POW_AlSi10Mg_014
B00425,2025-03-27 07:36:41.052413,2025-03-30 18:26:17.615328,M002,197.91,376.28,0.1,50,POW_AlSi10Mg_012
B00426,2025-03-23 20:49:46.546494,2025-03-25 03:50:01.999554,M000,239.13,445.31,0.1,60,POW_AlSi10Mg_013
B00427,2025-03-24 16:11:26.482776,2025-03-30 19:33:31.490687,M001,160.33,365.87,0.1,30,POW_AlSi10Mg_014
B00428,2025-03-31 04:04:17.209395,2025-04-01 03:42:22.151208,M002,456.74,987.73,0.1,40,POW_AlSi10Mg_012
B00429,2025-03-25 06:50:54.305289,2025-03-26 06:06:55.980361,M000,440.96,818.39,0.1,40,POW_AlSi10Mg_013
B00430,2025-03-30 22:04:20.271292,2025-04-01 09:18:31.343066,M001,150.17,942.78,,30,POW_AlSi10Mg_014
B00431,2025-04-01 10:24:47.739224,2025-04-02 03:48:00.629115,M002,142.91,850.99,0.2,30,POW_AlSi10Mg_012
B00432,2025-03-26 09:00:00.531211,2025-03-28 05:42:35.990396,M000,437.95,1212.77,0.1,30,POW_AlSi10Mg_013
B00433,2025-04-01 15:48:57.431555,2025-04-02 11:20:24.757656,M001,497.98,991.91,,30,POW_AlSi10Mg_014
B00434,2025-04-02 12:15:34.404469,2025-04-04 12:47:25.091342,M002,142.63,404.67,0.2,30,POW_AlSi10Mg_012
B00435,2025-03-28 16:24:55.421228,2025-03-29 13:12:58.155958,M000,304.4,746.56,0.2,50,POW_AlSi10Mg_013
B00436,2025-04-02 13:56:17.793885,2025-04-03 00:47:43.051791,M001,355.1,,0.1,60,POW_AlSi10Mg_014
B00437,2025-04-04 19:39:14.360247,2025-04-06 02:45:55.831021,M002,159.8,882.69,0.1,30,POW_AlSi10Mg_012
B00438,2025-03-29 19:02:29.168317,2025-03-30 17:39:55.807863,M000,143.7,451.65,0.1,50,POW_AlSi10Mg_015
B00439,2025-04-03 04:41:55.978504,2025-04-05 00:03:01.810382,M001,446.38,1149.8,0.1,30,POW_AlSi10Mg_014
B00440,2025-04-06 08:10:57.712329,2025-04-07 22:31:28.581621,M002,453.12,1030.49,0.1,30,POW_AlSi10Mg_016
B00441,2025-03-31 03:10:45.797779,2025-03-31 21:23:21.968439,M000,296.92,1209.83,0.1,50,POW_AlSi10Mg_015
B00442,2025-04-05 06:11:47.230697,2025-04-07 07:08:48.723663,M001,197.87,822.87,0.1,30,POW_AlSi10Mg_017
B00443,2025-04-08 03:30:18.952246,2025-04-09 16:03:17.663007,M002,261.0,332.55,0.2,60,POW_AlSi10Mg_016
B00444,2025-04-01 02:39:28.406032,2025-04-01 19:19:50.755926,M000,443.89,1033.6,0.2,50,POW_AlSi10Mg_015
B00445,2025-04-07 11:56:48.661628,2025-04-10 09:48:12.795508,M001,146.39,376.77,,60,POW_AlSi10Mg_017
B00446,2025-04-09 23:56:22.328561,2025-04-11 01:10:05.295310,M002,151.95,806.71,0.2,40,POW_AlSi10Mg_016
B00447,2025-04-02 01:23:31.613710,2025-04-02 21:47:38.569802,M000,295.11,869.12,0.1,60,POW_AlSi10Mg_015
B00448,2025-04-10 14:00:41.466529,2025-04-12 09:56:39.570286,M001,395.21,,0.1,40,POW_AlSi10Mg_017
B00449,2025-04-11 09:17:49.148426,2025-04-13 15:30:20.786366,M002,135.37,452.77,0.2,30,POW_AlSi10Mg_016
B00450,2025-04-03 04:51:06.884671,2025-04-03 23:19:37.266495,M000,440.01,1148.72,0.1,40,POW_AlSi10Mg_015
B00451,2025-04-12 18:37:58.251876,2025-04-13 10:44:32.464359,M001,305.94,989.68,0.1,60,POW_AlSi10Mg_017
B00452,2025-04-14 03:13:53.140105,2025-04-15 23:43:37.219214,M002,,744.53,0.1,30,POW_AlSi10Mg_016
B00453,2025-04-04 11:09:30.957445,2025-04-08 08:00:42.778510,M000,295.6,384.74,0.1,40,POW_AlSi10Mg_015
B00454,2025-04-13 22:42:12.984023,2025-04-15 14:49:36.170433,M001,412.6,780.07,0.1,40,POW_AlSi10Mg_017
B00455,2025-04-16 03:26:04.587456,2025-04-16 19:51:06.521935,M002,497.05,783.2,0.2,60,POW_AlSi10Mg_016
B00456,2025-04-08 13:05:15.976552,2025-04-09 20:50:41.227469,M000,453.81,1190.47,0.1,40,POW_AlSi10Mg_015
B00457,2025-04-15 21:27:26.139846,2025-04-17 21:29:43.092502,M001,,408.29,0.2,40,POW_AlSi10Mg_017
B00458,2025-04-17 01:20:27.806532,2025-04-17 19:27:30.027534,M002,452.31,1218.3,0.1,40,POW_AlSi10Mg_016
B00459,2025-04-10 04:00:39.517474,2025-04-11 21:03:32.525509,M000,331.63,1045.13,0.1,30,POW_AlSi10Mg_018
B00460,2025-04-18 01:07:16.403455,2025-04-18 09:59:28.150620,M001,499.23,1213.22,0.1,30,POW_AlSi10Mg_019
B00461,2025-04-18 03:31:32.725296,2025-04-19 16:24:48.503559,M002,487.3,1198.98,0.1,30,POW_AlSi10Mg_020
B00462,2025-04-11 23:46:04.999521,2025-04-13 06:59:21.881995,M000,193.89,762.0,0.1,50,POW_AlSi10Mg_018
B00463,2025-04-18 13:04:43.554191,2025-04-19 14:45:55.076036,M001,139.41,370.61,0.1,60,POW_AlSi10Mg_019
B00464,2025-04-20 03:50:21.362002,2025-04-20 22:54:28.632600,M002,162.65,854.57,0.2,50,POW_AlSi10Mg_020
B00465,2025-04-13 14:42:51.675007,2025-04-14 16:11:06.918853,M000,193.8,775.36,0.1,50,POW_AlSi10Mg_018
B00466,2025-04-19 21:41:14.667215,2025-04-22 11:33:18.561655,M001,350.26,377.41,0.1,30,POW_AlSi10Mg_019
B00467,2025-04-21 07:29:37.582414,2025-04-22 22:10:53.734347,M002,205.36,404.99,0.1,60,POW_AlSi10Mg_020
B00468,2025-04-15 00:42:25.165700,2025-04-16 17:55:51.327194,M000,393.82,997.24,0.1,30,POW_AlSi10Mg_018
B00469,2025-04-22 16:35:29.842366,2025-04-25 14:26:43.372233,M001,237.66,463.05,0.1,30,POW_AlSi10Mg_019
B00470,2025-04-23 09:19:25.618805,2025-04-24 20:33:01.246014,M002,490.48,911.13,0.1,30,POW_AlSi10Mg_020
B00471,2025-04-17 04:20:51.490707,2025-04-18 15:18:34.433045,M000,247.64,785.73,0.1,50,POW_AlSi10Mg_018
B00472,2025-04-26 01:35:31.099158,2025-04-26 11:48:38.829718,M001,498.01,,0.1,60,POW_AlSi10Mg_019
B00473,2025-04-25 03:52:50.720128,2025-04-26 04:33:17.142119,M002,292.19,1115.55,0.1,40,POW_AlSi10Mg_020
B00474,2025-04-18 20:18:12.350166,2025-04-22 00:52:02.388527,M000,256.37,362.68,0.1,50,POW_AlSi10Mg_018
B00475,2025-04-26 22:02:06.998812,2025-04-27 08:28:40.539468,M001,,1244.3,0.2,60,POW_AlSi10Mg_019
B00476,2025-04-26 14:08:01.760941,2025-04-29 06:24:24.545287,M002,215.89,316.51,0.2,30,POW_AlSi10Mg_020
B00477,2025-04-22 09:25:35.264128,2025-04-24 12:25:25.843408,M000,250.68,442.69,0.1,30,POW_AlSi10Mg_021
B00478,2025-04-27 18:28:52.618080,2025-04-29 12:21:21.211113,M001,206.0,734.57,0.1,40,POW_AlSi10Mg_019
B00479,2025-04-29 16:23:05.880820,2025-05-01 01:19:58.927214,M002,451.72,1159.37,0.1,40,POW_AlSi10Mg_022
B00480,2025-04-24 21:17:47.573205,2025-04-25 21:16:24.461732,M000,355.08,1251.33,0.1,40,POW_AlSi10Mg_021
B00481,2025-04-29 23:51:21.403012,2025-04-30 22:45:04.109814,M001,188.34,970.15,0.1,60,POW_AlSi10Mg_019
B00482,2025-05-01 07:58:41.434804,2025-05-01 19:07:17.890526,M002,331.1,964.0,0.1,60,POW_AlSi10Mg_022
B00483,2025-04-26 00:18:18.911280,2025-04-26 09:57:46.492828,M000,448.07,1229.43,0.2,50,POW_AlSi10Mg_021
B00484,2025-05-01 09:07:19.878817,2025-05-02 01:34:10.434714,M001,415.81,1001.47,0.2,50,POW_AlSi10Mg_023
B00485,2025-05-02 03:48:27.562798,2025-05-03 02:51:38.465353,M002,459.91,1058.16,0.1,40,POW_AlSi10Mg_022
B00486,2025-04-26 19:04:02.578602,2025-04-27 18:25:41.090082,M000,250.74,792.04,0.1,60,POW_AlSi10Mg_021
B00487,2025-05-02 11:25:31.112367,2025-05-02 21:10:32.078467,M001,355.45,1021.69,0.2,60,POW_AlSi10Mg_023
B00488,2025-05-03 06:13:37.557099,2025-05-04 06:32:27.453749,M002,345.61,1058.91,0.1,30,POW_AlSi10Mg_022
B00489,2025-04-27 23:01:24.345826,2025-04-29 03:00:03.733029,M000,303.13,743.69,0.1,60,POW_AlSi10Mg_021
B00490,2025-05-03 02:20:50.125710,2025-05-03 22:07:43.964795,M001,442.93,1196.52,0.1,50,POW_AlSi10Mg_023
B00491,2025-05-04 14:17:57.888404,2025-05-06 04:26:48.370903,M002,,,0.1,30,POW_AlSi10Mg_022
B00492,2025-04-29 09:46:10.087123,2025-05-01 12:19:36.257922,M000,185.83,418.38,0.1,60,POW_AlSi10Mg_021
B00493,2025-05-04 06:22:41.315926,2025-05-05 09:06:47.941258,M001,437.17,1269.48,0.1,30,POW_AlSi10Mg_023
B00494,2025-05-06 12:11:36.215181,2025-05-06 23:54:52.393771,M002,490.34,1278.06,0.1,40,POW_AlSi10Mg_022
B00495,2025-05-01 22:20:25.284298,2025-05-02 13:31:24.420398,M000,209.63,1090.23,0.1,50,POW_AlSi10Mg_021
B00496,2025-05-05 16:16:06.684050,2025-05-06 16:14:38.516885,M001,443.04,1240.62,0.1,50,POW_AlSi10Mg_023
B00497,2025-05-07 09:08:43.469387,2025-05-08 12:48:12.856298,M002,334.3,1025.29,0.1,30,POW_AlSi10Mg_022
B00498,2025-05-02 23:04:52.952077,2025-05-03 17:23:00.104979,M000,461.11,1002.08,0.1,60,POW_AlSi10Mg_024
B00499,2025-05-07 01:18:21.131703,2025-05-07 22:21:56.412527,M001,286.43,1047.85,0.1,50,POW_AlSi10Mg_023
B00500,2025-05-08 21:22:07.610963,2025-05-10 12:45:06.299712,M002,210.34,448.85,0.1,60,POW_AlSi10Mg_025
B00501,2025-05-04 00:17:21.992297,2025-05-04 14:00:11.306088,M000,251.83,1014.2,0.2,50,POW_AlSi10Mg_024
B00502,2025-05-08 08:01:42.619370,2025-05-09 03:38:57.850639,M001,336.7,1183.43,0.1,60,POW_AlSi10Mg_026
B00503,2025-05-10 20:36:51.690487,2025-05-12 09:13:57.896814,M002,450.28,,0.2,30,POW_AlSi10Mg_025
B00504,2025-05-04 22:29:32.174067,2025-05-05 09:41:17.649310,M000,444.54,1090.87,0.1,40,POW_AlSi10Mg_024
B00505,2025-05-09 14:04:04.174872,2025-05-10 11:10:03.714462,M001,395.03,1157.16,0.2,30,POW_AlSi10Mg_026
B00506,2025-05-12 18:25:28.318409,2025-05-14 01:23:09.376003,M002,155.67,474.42,0.1,60,POW_AlSi10Mg_025
B00507,2025-05-05 13:47:44.884367,2025-05-06 02:58:32.075813,M000,494.76,1201.4,0.1,60,POW_AlSi10Mg_024
B00508,2025-05-10 13:21:20.301524,2025-05-11 17:30:43.016182,M001,504.07,1316.81,0.1,30,POW_AlSi10Mg_026
B00509,2025-05-14 04:04:16.747892,2025-05-16 13:29:54.937704,M002,197.9,393.0,0.1,50,POW_AlSi10Mg_025
B00510,2025-05-06 06:47:32.407110,2025-05-08 19:19:38.980207,M000,160.59,857.92,,30,POW_AlSi10Mg_024
B00511,2025-05-11 21:54:01.892403,2025-05-12 10:38:46.223170,M001,151.78,798.17,0.2,60,POW_AlSi10Mg_026
B00512,2025-05-16 17:56:58.403530,2025-05-17 14:54:08.363271,M002,,1042.31,0.1,40,POW_AlSi10Mg_025
B00513,2025-05-08 22:36:30.235586,2025-05-11 15:26:39.948084,M000,239.38,417.3,0.1,60,POW_AlSi10Mg_024
B00514,2025-05-12 16:46:23.794100,2025-05-14 05:15:59.687700,M001,154.74,,0.1,60,POW_AlSi10Mg_026
B00515,2025-05-17 21:54:57.466759,2025-05-20 04:35:43.763709,M002,252.11,739.69,0.1,30,POW_AlSi10Mg_025
B00516,2025-05-11 21:18:34.913419,2025-05-12 20:12:44.428225,M000,246.86,1178.81,0.2,30,POW_AlSi10Mg_027
B00517,2025-05-14 09:14:44.855632,2025-05-16 03:25:21.871404,M001,257.8,,0.2,50,POW_AlSi10Mg_026
B00518,2025-05-20 09:34:27.078552,2025-05-20 20:44:29.444680,M002,511.73,1237.1,0.2,50,POW_AlSi10Mg_025
B00519,2025-05-13 00:26:11.420865,2025-05-15 21:11:26.887460,M000,343.4,792.09,0.1,30,POW_AlSi10Mg_027
B00520,2025-05-16 06:17:11.573666,2025-05-17 02:01:49.394732,M001,205.85,1257.98,0.1,60,POW_AlSi10Mg_028
B00521,2025-05-21 07:30:10.685766,2025-05-23 01:36:17.284736,M002,489.9,774.98,0.1,30,POW_AlSi10Mg_029
B00522,2025-05-16 06:31:10.582136,2025-05-17 20:23:56.154831,M000,333.45,368.03,0.1,50,POW_AlSi10Mg_027
B00523,2025-05-17 05:46:58.120597,2025-05-18 03:15:28.652989,M001,264.13,779.7,0.1,60,POW_AlSi10Mg_028
B00524,2025-05-23 05:36:44.606129,2025-05-23 17:40:54.447114,M002,347.23,1217.99,0.1,50,POW_AlSi10Mg_029
B00525,2025-05-18 01:40:06.882355,2025-05-19 12:10:20.722079,M000,,983.47,0.1,40,POW_AlSi10Mg_027
B00526,2025-05-18 11:31:30.694295,2025-05-19 13:26:55.103826,M001,152.73,,0.1,30,POW_AlSi10Mg_028
B00527,2025-05-23 22:37:05.118854,2025-05-26 16:58:25.363886,M002,263.6,432.16,0.1,50,POW_AlSi10Mg_029
B00528,2025-05-19 23:55:54.182914,2025-05-22 12:46:08.238487,M000,194.95,378.85,0.1,50,POW_AlSi10Mg_027
B00529,2025-05-19 16:21:43.862635,2025-05-20 01:39:23.148839,M001,301.7,1010.12,0.2,60,POW_AlSi10Mg_028
B00530,2025-05-26 20:53:37.499167,2025-05-27 14:16:20.606211,M002,157.53,828.28,0.1,50,POW_AlSi10Mg_029
B00531,2025-05-22 23:25:19.260300,2025-05-25 03:44:57.048501,M000,,400.02,0.1,50,POW_AlSi10Mg_027
B00532,2025-05-20 11:22:27.727438,2025-05-21 01:24:37.770936,M001,502.89,794.66,0.1,50,POW_AlSi10Mg_028
B00533,2025-05-28 00:28:53.987278,2025-05-28 21:16:12.903503,M002,344.41,1160.93,0.1,60,POW_AlSi10Mg_029
B00534,2025-05-25 13:27:08.181415,2025-05-28 09:19:49.779846,M000,303.81,415.4,0.2,30,POW_AlSi10Mg_030
B00535,2025-05-21 04:50:30.349941,2025-05-21 20:07:10.919916,M001,505.93,1148.06,0.1,50,POW_AlSi10Mg_028
B00536,2025-05-29 06:32:54.156585,2025-05-29 19:17:29.468594,M002,343.66,1195.71,0.2,50,POW_AlSi10Mg_029
B00537,2025-05-28 15:30:57.166814,2025-05-29 20:04:56.292636,M000,256.93,802.33,0.1,60,POW_AlSi10Mg_030
B00538,2025-05-22 03:27:56.099176,2025-05-22 16:16:39.968185,M001,455.16,1240.87,0.2,40,POW_AlSi10Mg_028
B00539,2025-05-30 02:02:55.421787,2025-05-31 02:23:57.395419,M002,,927.01,0.1,50,POW_AlSi10Mg_029
B00540,2025-05-30 01:37:05.264548,2025-05-30 17:38:02.357761,M000,457.3,,0.1,60,POW_AlSi10Mg_030
B00541,2025-05-23 00:23:39.458419,2025-05-24 01:30:26.016769,M001,260.28,828.93,0.1,50,POW_AlSi10Mg_031
B00542,2025-05-31 10:48:33.351614,2025-06-01 03:50:45.411795,M002,435.75,1208.48,0.1,40,POW_AlSi10Mg_032
B00543,2025-05-30 22:21:01.609472,2025-05-31 18:41:29.300468,M000,156.92,848.27,0.1,60,POW_AlSi10Mg_030
B00544,2025-05-24 10:30:01.454468,2025-05-24 22:26:40.721004,M001,498.36,,,50,POW_AlSi10Mg_031
B00545,2025-06-01 15:34:12.622733,2025-06-04 18:27:38.333564,M002,338.24,,0.1,40,POW_AlSi10Mg_032
B00546,2025-06-01 04:45:12.399651,2025-06-01 18:29:48.604908,M000,258.11,1105.02,0.1,60,POW_AlSi10Mg_030
B00547,2025-05-25 06:40:34.929074,2025-05-26 13:36:32.153814,M001,397.33,983.04,0.1,50,POW_AlSi10Mg_031
B00548,2025-06-05 05:58:31.291607,2025-06-06 14:43:45.099399,M002,404.85,1208.16,0.1,30,POW_AlSi10Mg_032
B00549,2025-06-02 00:23:28.692407,2025-06-03 03:58:31.457594,M000,300.94,1052.45,0.1,50,POW_AlSi10Mg_030
B00550,2025-05-26 20:16:03.038904,2025-05-29 09:53:43.055318,M001,287.99,355.0,0.1,50,POW_AlSi10Mg_031
B00551,2025-06-07 01:57:47.173088,2025-06-07 15:51:29.005120,M002,404.78,1209.45,0.2,50,POW_AlSi10Mg_032
B00552,2025-06-03 09:05:13.995160,2025-06-04 17:32:27.593097,M000,298.0,935.28,0.2,30,POW_AlSi10Mg_033
B00553,2025-05-29 16:35:03.574559,2025-05-30 08:33:49.714909,M001,254.52,981.58,0.1,60,POW_AlSi10Mg_031
B00554,2025-06-07 18:23:06.935640,2025-06-08 11:45:18.978522,M002,346.64,801.08,0.2,60,POW_AlSi10Mg_032
B00555,2025-06-05 02:31:04.467265,2025-06-06 15:10:02.044848,M000,296.99,987.55,0.1,30,POW_AlSi10Mg_033
B00556,2025-05-30 19:38:30.042885,2025-05-31 09:59:03.959870,M001,291.0,1018.58,0.1,60,POW_AlSi10Mg_031
B00557,2025-06-08 18:33:16.502522,2025-06-09 09:59:14.867390,M002,451.76,1173.43,0.2,40,POW_AlSi10Mg_032
B00558,2025-06-06 17:17:40.956978,2025-06-08 16:23:03.209740,M000,215.21,415.06,0.2,30,POW_AlSi10Mg_033
B00559,2025-05-31 13:10:49.612655,2025-06-02 23:23:08.613138,M001,343.1,365.55,0.1,40,POW_AlSi10Mg_034
B00560,2025-06-09 17:08:09.940776,2025-06-10 06:10:52.670340,M002,394.95,936.37,0.1,60,POW_AlSi10Mg_035
B00561,2025-06-09 02:04:09.297493,2025-06-09 19:33:59.390826,M000,248.6,744.95,0.1,60,POW_AlSi10Mg_033
B00562,2025-06-03 07:18:05.654162,2025-06-06 03:52:09.516763,M001,143.4,367.76,0.2,30,POW_AlSi10Mg_034
B00563,2025-06-10 14:09:57.951648,2025-06-11 20:46:37.955328,M002,385.71,,0.1,50,POW_AlSi10Mg_035
B00564,2025-06-09 23:08:01.062361,2025-06-11 14:23:16.228542,M000,209.22,389.23,0.1,60,POW_AlSi10Mg_033
B00565,2025-06-06 07:28:42.855624,2025-06-07 09:54:38.866932,M001,139.13,1024.35,0.1,30,POW_AlSi10Mg_034
B00566,2025-06-12 03:44:42.516042,2025-06-13 10:22:08.962798,M002,352.81,,0.1,30,POW_AlSi10Mg_035
B00567,2025-06-12 02:21:11.919441,2025-06-13 15:16:25.968441,M000,248.74,,0.2,30,POW_AlSi10Mg_033
B00568,2025-06-07 17:48:16.662343,2025-06-09 00:12:40.449131,M001,243.83,401.58,0.1,40,POW_AlSi10Mg_034
B00569,2025-06-13 21:58:49.351810,2025-06-17 04:12:50.115730,M002,202.16,,0.1,40,POW_AlSi10Mg_035
B00570,2025-06-13 22:08:04.104460,2025-06-15 08:44:43.056663,M000,148.36,411.16,0.1,60,POW_AlSi10Mg_033
B00571,2025-06-09 04:51:18.485964,2025-06-10 09:48:16.608288,M001,389.61,,0.1,40,POW_AlSi10Mg_034
B00572,2025-06-17 14:59:40.954513,2025-06-19 06:16:09.123915,M002,462.36,853.16,0.1,30,POW_AlSi10Mg_035
B00573,2025-06-15 15:40:13.179946,2025-06-16 13:40:29.873529,M000,398.92,1154.71,0.1,40,POW_AlSi10Mg_036
B00574,2025-06-10 16:12:41.680072,2025-06-11 04:29:00.654088,M001,316.52,1287.38,0.2,50,POW_AlSi10Mg_034
B00575,2025-06-19 14:19:55.358745,2025-06-20 02:45:36.991243,M002,397.62,1020.58,0.2,50,POW_AlSi10Mg_035
B00576,2025-06-16 15:47:55.429161,2025-06-17 00:12:51.991386,M000,198.32,1240.0,0.2,50,POW_AlSi10Mg_036
B00577,2025-06-11 14:19:19.139759,2025-06-12 09:08:05.926988,M001,508.98,987.7,0.2,40,POW_AlSi10Mg_034
B00578,2025-06-20 09:32:10.200389,2025-06-22 00:25:17.918923,M002,,375.57,0.2,60,POW_AlSi10Mg_035
B00579,2025-06-17 03:20:09.066773,2025-06-17 17:30:02.779049,M000,150.04,798.38,0.2,30,POW_AlSi10Mg_036
B00580,2025-06-12 15:20:47.974699,2025-06-13 05:07:18.589621,M001,190.89,1196.39,0.1,60,POW_AlSi10Mg_037
B00581,2025-06-22 04:49:07.048587,2025-06-23 09:59:06.326043,M002,400.36,1065.2,0.1,50,POW_AlSi10Mg_038
B00582,2025-06-17 21:41:48.299766,2025-06-19 09:33:37.771828,M000,445.28,1164.32,0.1,30,POW_AlSi10Mg_036
B00583,2025-06-13 11:42:09.719033,2025-06-14 20:12:10.011348,M001,210.28,,0.1,60,POW_AlSi10Mg_037
B00584,2025-06-23 18:42:26.424322,2025-06-24 06:40:53.394741,M002,358.06,854.11,0.2,50,POW_AlSi10Mg_038
B00585,2025-06-19 20:10:48.105746,2025-06-20 13:35:54.361159,M000,406.31,1197.14,0.2,30,POW_AlSi10Mg_036
B00586,2025-06-15 02:26:39.076445,2025-06-16 05:30:43.722219,M001,486.82,1001.9,,40,POW_AlSi10Mg_037
B00587,2025-06-24 12:20:43.531771,2025-06-25 17:50:11.314017,M002,198.98,742.93,0.1,60,POW_AlSi10Mg_038
B00588,2025-06-20 16:44:58.468130,2025-06-21 07:41:38.962963,M000,443.6,1062.73,0.1,60,POW_AlSi10Mg_036
B00589,2025-06-16 14:33:04.036393,2025-06-17 07:11:59.704755,M001,449.43,1273.61,0.1,50,POW_AlSi10Mg_037
B00590,2025-06-26 05:10:30.477949,2025-06-26 22:29:01.851406,M002,211.73,1020.64,0.2,40,POW_AlSi10Mg_038
B00591,2025-06-21 15:59:22.245229,2025-06-23 01:46:07.414679,M000,195.28,393.65,0.2,40,POW_AlSi10Mg_036
B00592,2025-06-17 17:57:23.395064,2025-06-18 02:08:21.928129,M001,389.64,1158.67,0.2,60,POW_AlSi10Mg_037
B00593,2025-06-27 01:37:16.303677,2025-06-28 07:03:21.563908,M002,489.67,1265.03,,30,POW_AlSi10Mg_038
B00594,2025-06-23 12:18:38.949843,2025-06-23 23:12:13.143224,M000,347.67,1012.83,0.2,60,POW_AlSi10Mg_036
B00595,2025-06-18 11:25:13.321812,2025-06-20 16:05:56.196009,M001,348.4,421.95,0.1,60,POW_AlSi10Mg_037
B00596,2025-06-28 17:27:44.901555,2025-07-02 03:27:16.061110,M002,165.47,381.8,0.1,40,POW_AlSi10Mg_038
B00597,2025-06-24 04:55:58.627997,2025-06-24 19:07:35.833240,M000,154.08,807.24,0.2,60,POW_AlSi10Mg_039
B00598,2025-06-21 02:28:03.886729,2025-06-21 21:14:07.373536,M001,152.54,848.25,0.1,60,POW_AlSi10Mg_040
B00599,2025-07-02 15:18:55.596288,2025-07-03 21:15:03.999448,M002,206.24,729.45,0.2,40,POW_AlSi10Mg_038
B00600,2025-06-24 23:01:26.805242,2025-06-25 22:09:23.460985,M000,297.42,1207.11,0.2,30,POW_AlSi10Mg_039
B00601,2025-06-22 03:10:50.319667,2025-06-22 15:27:08.129421,M001,405.91,789.09,0.2,60,POW_AlSi10Mg_040
B00602,2025-07-04 04:02:08.121596,2025-07-04 17:12:10.705507,M002,304.07,1181.44,0.1,50,POW_AlSi10Mg_041
B00603,2025-06-26 04:13:59.329827,2025-06-26 20:54:02.707853,M000,296.19,770.95,0.2,60,POW_AlSi10Mg_039
B00604,2025-06-23 00:24:22.207930,2025-06-27 17:46:24.918497,M001,246.74,,0.1,30,POW_AlSi10Mg_040
B00605,2025-07-05 02:04:43.588323,2025-07-05 20:47:25.716524,M002,437.05,1125.05,0.1,40,POW_AlSi10Mg_041
B00606,2025-06-27 04:54:16.424041,2025-06-27 14:07:54.278155,M000,459.42,1211.34,0.2,60,POW_AlSi10Mg_039
B00607,2025-06-28 02:03:09.599428,2025-06-29 00:36:33.406794,M001,408.02,1152.16,0.1,40,POW_AlSi10Mg_040
B00608,2025-07-06 05:14:30.640358,2025-07-06 15:18:19.194382,M002,517.58,1173.32,0.1,60,POW_AlSi10Mg_041
B00609,2025-06-27 23:11:18.763553,2025-07-01 10:59:30.493036,M000,276.12,390.95,0.1,30,POW_AlSi10Mg_039
B00610,2025-06-29 10:48:37.360300,2025-06-30 07:38:51.881687,M001,451.54,1210.69,0.1,40,POW_AlSi10Mg_040
B00611,2025-07-06 19:26:02.472597,2025-07-07 11:35:57.636353,M002,385.01,1250.64,0.2,30,POW_AlSi10Mg_041
B00612,2025-07-01 19:22:30.281979,2025-07-02 22:27:35.184164,M000,293.58,918.8,0.1,60,POW_AlSi10Mg_039
B00613,2025-06-30 16:29:19.572367,2025-07-01 08:21:09.325012,M001,390.31,834.29,0.2,50,POW_AlSi10Mg_040
B00614,2025-07-07 16:57:36.062239,2025-07-08 00:45:09.901690,M002,363.56,1109.76,0.1,60,POW_AlSi10Mg_041
B00615,2025-07-03 03:30:20.303277,2025-07-04 17:33:28.254068,M000,405.58,,0.1,30,POW_AlSi10Mg_042
B00616,2025-07-01 10:55:50.755521,2025-07-02 04:24:53.942472,M001,439.61,1016.31,0.1,50,POW_AlSi10Mg_040
B00617,2025-07-08 06:08:37.369463,2025-07-08 15:13:14.929797,M002,365.55,1172.74,0.2,50,POW_AlSi10Mg_041
B00618,2025-07-04 19:57:26.838111,2025-07-07 07:00:24.023067,M000,151.3,383.11,,30,POW_AlSi10Mg_042
B00619,2025-07-02 13:23:41.003415,2025-07-03 18:34:42.232693,M001,498.82,1212.42,0.1,30,POW_AlSi10Mg_043
B00620,2025-07-08 23:58:04.522199,2025-07-10 03:32:15.179608,M002,351.83,793.98,0.1,40,POW_AlSi10Mg_041
B00621,2025-07-07 09:17:34.771401,2025-07-08 18:36:42.060445,M000,204.7,1073.82,0.1,30,POW_AlSi10Mg_042
B00622,2025-07-03 21:09:17.289832,2025-07-05 01:00:04.848951,M001,159.23,799.17,0.1,50,POW_AlSi10Mg_043
B00623,2025-07-10 06:40:58.907131,2025-07-11 05:20:00.990789,M002,309.47,803.06,0.1,50,POW_AlSi10Mg_041
B00624,2025-07-08 22:44:25.138204,2025-07-09 18:06:37.931780,M000,160.41,911.07,0.1,60,POW_AlSi10Mg_042
B00625,2025-07-05 12:06:09.819162,2025-07-06 09:39:28.449616,M001,374.42,804.63,0.2,40,POW_AlSi10Mg_043
B00626,2025-07-11 08:56:30.127854,2025-07-13 15:42:42.294312,M002,159.89,398.8,0.1,50,POW_AlSi10Mg_044
B00627,2025-07-10 04:58:41.283297,2025-07-11 22:43:52.266812,M000,193.11,369.45,0.2,50,POW_AlSi10Mg_042
B00628,2025-07-06 21:13:57.829554,2025-07-07 10:04:41.833929,M001,499.74,1006.1,,50,POW_AlSi10Mg_043
B00629,2025-07-14 03:16:15.581993,2025-07-15 12:05:12.149277,M002,,416.38,0.1,60,POW_AlSi10Mg_044
B00630,2025-07-12 02:51:12.417624,2025-07-12 20:30:38.906321,M000,243.42,846.42,0.1,60,POW_AlSi10Mg_042
B00631,2025-07-07 21:37:37.156444,2025-07-09 06:45:12.097854,M001,173.51,980.2,0.1,30,POW_AlSi10Mg_043
B00632,2025-07-15 18:17:14.553270,2025-07-16 05:24:11.699907,M002,389.82,1212.24,0.2,60,POW_AlSi10Mg_044
B00633,2025-07-13 06:05:53.137477,2025-07-14 12:08:22.994462,M000,331.23,886.75,0.2,30,POW_AlSi10Mg_042
B00634,2025-07-09 11:49:22.845373,2025-07-10 03:04:40.318792,M001,195.42,853.92,0.2,50,POW_AlSi10Mg_043
B00635,2025-07-16 08:40:05.763530,2025-07-17 13:55:05.891902,M002,446.04,708.04,0.1,60,POW_AlSi10Mg_044
B00636,2025-07-14 17:48:39.290576,2025-07-15 09:19:26.235938,M000,348.42,967.94,0.2,30,POW_AlSi10Mg_045
B00637,2025-07-10 06:06:37.971529,2025-07-11 10:17:56.024569,M001,272.59,867.44,0.2,30,POW_AlSi10Mg_043
B00638,2025-07-17 16:07:19.729044,2025-07-18 09:12:04.753422,M002,463.62,844.13,0.1,60,POW_AlSi10Mg_044
B00639,2025-07-15 19:03:51.844240,2025-07-16 19:21:12.592675,M000,248.87,1260.08,0.1,30,POW_AlSi10Mg_045
B00640,2025-07-11 20:05:33.651890,2025-07-12 21:52:16.157115,M001,398.26,971.23,0.1,30,POW_AlSi10Mg_046
B00641,2025-07-18 15:29:34.212115,2025-07-20 13:25:05.076099,M002,127.85,422.77,0.1,50,POW_AlSi10Mg_044
B00642,2025-07-17 03:03:18.280884,2025-07-17 12:23:05.959790,M000,454.85,1206.17,0.2,60,POW_AlSi10Mg_045
B00643,2025-07-13 00:57:30.716061,2025-07-14 10:14:05.596149,M001,152.74,696.79,0.1,30,POW_AlSi10Mg_046
B00644,2025-07-20 21:39:09.108378,2025-07-21 06:48:40.463129,M002,255.33,1222.23,,60,POW_AlSi10Mg_047
B00645,2025-07-17 14:42:24.615885,2025-07-18 19:14:17.116256,M000,509.89,1251.89,0.1,40,POW_AlSi10Mg_045
B00646,2025-07-14 19:06:30.110445,2025-07-15 03:24:51.221381,M001,466.66,1235.37,0.2,60,POW_AlSi10Mg_046
B00647,2025-07-21 18:00:41.034754,2025-07-22 06:15:58.212028,M002,460.48,1097.95,0.2,60,POW_AlSi10Mg_047
B00648,2025-07-19 07:02:00.412067,2025-07-20 12:29:49.214356,M000,437.72,1196.72,0.1,30,POW_AlSi10Mg_045
B00649,2025-07-15 11:48:45.796773,2025-07-18 11:43:18.573366,M001,253.0,377.23,0.1,40,POW_AlSi10Mg_046
B00650,2025-07-22 09:10:51.089645,2025-07-23 17:23:21.521803,M002,149.46,,0.1,50,POW_AlSi10Mg_047
B00651,2025-07-20 22:45:39.532145,2025-07-22 21:22:57.038601,M000,132.64,461.33,0.2,30,POW_AlSi10Mg_045
B00652,2025-07-18 17:52:26.191405,2025-07-20 08:01:53.501034,M001,147.2,800.72,0.1,40,POW_AlSi10Mg_046
B00653,2025-07-23 20:59:50.534560,2025-07-26 04:54:09.894024,M002,144.33,310.21,0.1,60,POW_AlSi10Mg_047
B00654,2025-07-23 04:34:10.137173,2025-07-24 00:55:24.837066,M000,313.19,773.49,0.2,30,POW_AlSi10Mg_045
B00655,2025-07-20 12:38:19.067373,2025-07-22 01:13:52.995554,M001,138.1,791.3,,40,POW_AlSi10Mg_046
B00656,2025-07-26 12:19:23.030009,2025-07-27 14:07:26.740537,M002,363.35,1009.48,0.1,50,POW_AlSi10Mg_047
B00657,2025-07-24 10:32:26.757387,2025-07-26 06:53:38.521772,M000,201.47,389.27,0.1,60,POW_AlSi10Mg_048
B00658,2025-07-22 05:11:51.481306,2025-07-23 10:27:24.384973,M001,250.48,837.81,0.1,60,POW_AlSi10Mg_046
B00659,2025-07-27 23:22:36.641138,2025-07-28 16:31:14.952556,M002,425.88,1182.58,0.1,60,POW_AlSi10Mg_047
B00660,2025-07-26 09:44:52.212977,2025-07-27 14:22:53.135356,M000,,,0.1,40,POW_AlSi10Mg_048
B00661,2025-07-23 17:07:45.143396,2025-07-24 05:13:55.873399,M001,248.73,721.71,0.2,50,POW_AlSi10Mg_049
B00662,2025-07-28 23:42:37.969234,2025-07-29 22:06:42.357470,M002,341.9,967.13,0.1,40,POW_AlSi10Mg_050
B00663,2025-07-27 23:18:50.919631,2025-07-28 16:39:11.557629,M000,143.57,766.17,0.1,60,POW_AlSi10Mg_048
B00664,2025-07-24 08:21:26.447686,2025-07-25 13:19:55.384557,M001,401.18,818.66,,60,POW_AlSi10Mg_049
B00665,2025-07-30 02:56:06.902484,2025-08-01 22:18:57.925582,M002,206.12,,0.1,50,POW_AlSi10Mg_050
B00666,2025-07-29 02:06:48.857994,2025-07-31 20:23:08.406599,M000,,284.87,0.1,40,POW_AlSi10Mg_048
B00667,2025-07-25 16:56:55.744982,2025-07-26 12:32:03.829258,M001,349.55,1164.66,0.1,50,POW_AlSi10Mg_049
B00668,2025-08-02 09:51:15.936651,2025-08-06 18:55:46.613321,M002,270.94,,,30,POW_AlSi10Mg_050
B00669,2025-08-01 04:08:28.524564,2025-08-02 12:58:31.512029,M000,488.54,1213.16,0.1,30,POW_AlSi10Mg_048
B00670,2025-07-26 20:20:24.329285,2025-07-27 13:02:09.238753,M001,,,0.2,40,POW_AlSi10Mg_049
B00671,2025-08-07 01:37:00.827802,2025-08-09 11:40:57.152051,M002,264.32,,0.2,30,POW_AlSi10Mg_050
B00672,2025-08-02 19:56:36.750347,2025-08-03 11:38:44.297603,M000,444.52,1193.07,0.1,60,POW_AlSi10Mg_048
B00673,2025-07-27 15:31:19.189055,2025-07-28 09:26:29.934517,M001,477.55,1118.69,0.2,30,POW_AlSi10Mg_049
B00674,2025-08-09 23:25:20.769363,2025-08-12 13:54:06.434202,M002,149.06,394.83,0.1,40,POW_AlSi10Mg_050
B00675,2025-08-03 17:49:41.512774,2025-08-04 23:52:32.360109,M000,504.14,874.65,0.1,30,POW_AlSi10Mg_051
B00676,2025-07-28 17:25:30.813870,2025-07-31 14:23:56.167318,M001,256.09,304.47,0.1,60,POW_AlSi10Mg_049
B00677,2025-08-13 01:26:28.501185,2025-08-13 22:32:16.652093,M002,462.95,1236.65,0.1,60,POW_AlSi10Mg_050
B00678,2025-08-05 06:26:42.593342,2025-08-06 03:46:15.873314,M000,290.58,,0.1,40,POW_AlSi10Mg_051
B00679,2025-07-31 23:24:48.298369,2025-08-02 10:28:03.709554,M001,351.47,1186.05,0.1,30,POW_AlSi10Mg_049
B00680,2025-08-14 05:25:49.063231,2025-08-15 05:48:56.885499,M002,,1200.87,0.1,30,POW_AlSi10Mg_052
B00681,2025-08-06 11:55:12.578270,2025-08-08 09:30:56.508894,M000,254.63,843.72,0.1,30,POW_AlSi10Mg_051
B00682,2025-08-02 18:57:50.480659,2025-08-04 03:08:21.821430,M001,185.51,968.88,0.1,40,POW_AlSi10Mg_053
B00683,2025-08-15 11:46:16.635300,2025-08-15 19:41:51.897373,M002,397.18,1114.68,0.2,60,POW_AlSi10Mg_052
B00684,2025-08-08 15:19:37.655811,2025-08-09 19:39:50.339944,M000,270.18,1025.97,0.1,50,POW_AlSi10Mg_051
B00685,2025-08-04 14:50:22.516542,2025-08-06 05:41:38.986408,M001,295.11,802.19,0.1,40,POW_AlSi10Mg_053
B00686,2025-08-15 23:52:18.249497,2025-08-16 11:06:48.399829,M002,499.9,1203.12,0.2,50,POW_AlSi10Mg_052
B00687,2025-08-10 03:32:21.672120,2025-08-14 10:47:57.656605,M000,208.06,389.96,0.1,30,POW_AlSi10Mg_051
B00688,2025-08-06 09:25:22.779526,2025-08-07 15:25:38.624991,M001,352.86,390.79,0.2,60,POW_AlSi10Mg_053
B00689,2025-08-16 19:34:57.447994,2025-08-17 13:35:41.126504,M002,155.88,820.27,0.2,50,POW_AlSi10Mg_052
B00690,2025-08-14 18:24:39.503878,2025-08-15 07:50:12.179198,M000,297.85,1226.53,0.2,50,POW_AlSi10Mg_051
B00691,2025-08-07 20:40:39.478776,2025-08-08 10:43:19.992526,M001,416.67,,0.1,40,POW_AlSi10Mg_053
B00692,2025-08-17 21:55:13.912552,2025-08-18 12:22:15.910278,M002,391.76,882.8,0.1,50,POW_AlSi10Mg_052
B00693,2025-08-15 17:46:15.151114,2025-08-16 06:30:48.795652,M000,390.57,1053.32,0.2,50,POW_AlSi10Mg_054
B00694,2025-08-08 12:53:28.946570,2025-08-11 06:38:10.667083,M001,193.94,413.31,0.1,60,POW_AlSi10Mg_053
B00695,2025-08-18 21:24:36.442423,2025-08-19 19:03:20.632553,M002,351.23,1059.15,0.1,40,POW_AlSi10Mg_052
B00696,2025-08-16 14:40:48.422058,2025-08-18 02:16:41.358675,M000,349.81,826.42,0.1,30,POW_AlSi10Mg_054
B00697,2025-08-11 17:24:04.835667,2025-08-13 16:05:37.434134,M001,268.62,342.97,0.1,50,POW_AlSi10Mg_053
B00698,2025-08-19 22:44:54.950150,2025-08-21 07:08:20.796840,M002,180.52,758.03,,60,POW_AlSi10Mg_052
B00699,2025-08-18 06:02:32.138260,2025-08-19 00:46:11.581812,M000,179.28,766.99,0.1,60,POW_AlSi10Mg_054
B00700,2025-08-13 19:14:07.013747,2025-08-15 04:06:29.442704,M001,297.37,414.99,0.2,60,POW_AlSi10Mg_053
B00701,2025-08-21 19:07:58.962627,2025-08-23 21:41:09.882637,M002,245.4,396.56,0.1,40,POW_AlSi10Mg_052
B00702,2025-08-19 10:13:21.014415,2025-08-20 12:50:16.590016,M000,211.65,794.24,0.1,40,POW_AlSi10Mg_054
B00703,2025-08-15 09:11:52.256409,2025-08-16 20:50:12.099203,M001,252.44,829.06,0.1,30,POW_AlSi10Mg_055
B00704,2025-08-24 04:10:03.895949,2025-08-25 07:19:24.929083,M002,352.47,1241.23,0.1,30,POW_AlSi10Mg_056
B00705,2025-08-20 21:46:22.965787,2025-08-22 20:31:45.956966,M000,143.41,394.04,0.2,30,POW_AlSi10Mg_054
B00706,2025-08-17 05:34:36.315011,2025-08-17 17:00:56.654461,M001,197.49,1244.07,0.2,60,POW_AlSi10Mg_055
B00707,2025-08-25 15:17:17.247369,2025-08-26 13:58:33.769000,M002,459.31,1274.29,0.2,30,POW_AlSi10Mg_056
B00708,2025-08-23 05:46:02.163945,2025-08-23 22:55:12.175798,M000,,1190.86,0.2,40,POW_AlSi10Mg_054
B00709,2025-08-17 22:06:05.829554,2025-08-18 16:46:46.340664,M001,429.66,1016.21,0.1,60,POW_AlSi10Mg_055
B00710,2025-08-26 20:52:16.120426,2025-08-27 22:08:01.616114,M002,425.34,1022.11,0.1,40,POW_AlSi10Mg_056
B00711,2025-08-24 02:09:01.613167,2025-08-25 03:20:20.272109,M000,376.72,1158.57,0.1,40,POW_AlSi10Mg_054
B00712,2025-08-19 02:53:42.210973,2025-08-20 08:09:12.545874,M001,254.38,681.81,0.1,60,POW_AlSi10Mg_055
B00713,2025-08-28 01:33:28.463690,2025-08-30 22:53:09.451848,M002,240.13,368.67,0.1,40,POW_AlSi10Mg_056
B00714,2025-08-25 12:51:49.096307,2025-08-26 10:31:08.679835,M000,513.01,1100.49,0.1,30,POW_AlSi10Mg_057
B00715,2025-08-20 17:26:00.812786,2025-08-21 20:22:35.581873,M001,131.14,1041.35,0.1,40,POW_AlSi10Mg_055
B00716,2025-08-31 04:21:20.085622,2025-09-01 08:54:25.415180,M002,412.0,1002.69,0.2,30,POW_AlSi10Mg_056
B00717,2025-08-26 20:29:39.360450,2025-08-28 03:36:16.707038,M000,492.18,765.91,0.1,40,POW_AlSi10Mg_057
B00718,2025-08-22 00:27:13.550438,2025-08-23 14:59:08.550971,M001,247.75,748.4,0.1,40,POW_AlSi10Mg_055
B00719,2025-09-01 18:37:54.590660,2025-09-03 07:54:39.542331,M002,391.56,952.08,0.1,30,POW_AlSi10Mg_056
B00720,2025-08-28 12:04:20.104766,2025-08-29 14:07:57.110309,M000,143.5,,0.1,50,POW_AlSi10Mg_057
B00721,2025-08-23 21:12:56.610362,2025-08-26 21:57:36.130247,M001,153.68,403.69,0.1,30,POW_AlSi10Mg_058
B00722,2025-09-03 11:23:43.781593,2025-09-05 21:16:24.635018,M002,153.58,396.25,0.1,60,POW_AlSi10Mg_059
B00723,2025-08-29 22:43:35.378319,2025-08-30 17:51:15.055317,M000,502.6,1204.96,0.1,50,POW_AlSi10Mg_057
B00724,2025-08-27 09:33:06.222771,2025-08-28 23:01:52.779082,M001,303.31,772.64,0.2,30,POW_AlSi10Mg_058
B00725,2025-09-06 04:52:15.898078,2025-09-06 17:55:37.982904,M002,463.12,1184.0,0.2,50,POW_AlSi10Mg_059
B00726,2025-08-31 05:31:09.065213,2025-09-02 12:22:09.564784,M000,126.37,476.55,0.1,50,POW_AlSi10Mg_057
B00727,2025-08-29 05:31:09.709137,2025-08-30 23:10:40.994853,M001,303.6,450.43,0.1,50,POW_AlSi10Mg_058
B00728,2025-09-07 04:41:25.548696,2025-09-08 11:45:18.563743,M002,298.56,1009.77,0.1,30,POW_AlSi10Mg_059
B00729,2025-09-02 15:26:44.241446,2025-09-04 03:00:14.409692,M000,157.89,426.22,0.2,50,POW_AlSi10Mg_057
B00730,2025-08-31 07:38:12.132529,2025-09-01 13:37:07.437473,M001,499.86,1281.75,0.1,40,POW_AlSi10Mg_058
B00731,2025-09-08 15:01:27.769607,2025-09-09 19:47:38.315964,M002,354.31,975.98,0.2,30,POW_AlSi10Mg_059
B00732,2025-09-04 11:00:29.118222,2025-09-05 16:23:25.457169,M000,143.26,445.44,0.2,60,POW_AlSi10Mg_057
B00733,2025-09-02 00:35:18.942926,2025-09-02 20:43:51.599484,M001,145.87,803.45,0.1,60,POW_AlSi10Mg_058
B00734,2025-09-10 00:45:08.221891,2025-09-11 00:25:33.114369,M002,137.08,1058.58,0.2,30,POW_AlSi10Mg_059
B00735,2025-09-06 00:14:21.278919,2025-09-06 12:21:17.797482,M000,510.65,1211.06,0.1,60,POW_AlSi10Mg_060
B00736,2025-09-03 02:32:43.530767,2025-09-04 15:57:10.251925,M001,262.34,725.69,0.1,30,POW_AlSi10Mg_058
B00737,2025-09-11 09:01:31.842551,2025-09-11 21:57:21.156963,M002,257.5,780.42,0.2,60,POW_AlSi10Mg_059
B00738,2025-09-06 15:06:20.743711,2025-09-07 15:02:33.836557,M000,208.73,1307.04,0.1,40,POW_AlSi10Mg_060
B00739,2025-09-05 02:45:01.355302,2025-09-06 05:27:08.643308,M001,369.35,954.48,0.1,50,POW_AlSi10Mg_061
B00740,2025-09-12 05:24:15.660566,2025-09-13 01:30:05.981796,M002,133.23,,0.1,40,POW_AlSi10Mg_062
B00741,2025-09-08 01:04:32.659918,2025-09-08 20:29:33.517608,M000,347.73,970.05,0.1,50,POW_AlSi10Mg_060
B00742,2025-09-06 12:11:02.002799,2025-09-08 07:06:27.538865,M001,194.92,795.87,0.1,30,POW_AlSi10Mg_061
B00743,2025-09-13 10:05:03.677472,2025-09-14 07:29:40.999193,M002,298.24,1051.18,0.1,40,POW_AlSi10Mg_062
B00744,2025-09-09 04:43:03.275628,2025-09-10 01:02:51.862860,M000,249.68,,0.1,60,POW_AlSi10Mg_060
B00745,2025-09-08 15:20:07.007299,2025-09-12 10:53:22.850736,M001,158.07,365.87,0.1,40,POW_AlSi10Mg_061
B00746,2025-09-14 10:16:31.055861,2025-09-15 08:11:57.207061,M002,209.24,901.44,0.2,40,POW_AlSi10Mg_062
B00747,2025-09-10 12:49:43.661148,2025-09-12 02:36:18.209455,M000,202.47,704.85,0.1,30,POW_AlSi10Mg_060
B00748,2025-09-12 20:00:35.898736,2025-09-13 15:22:23.824578,M001,250.29,,0.1,50,POW_AlSi10Mg_061
B00749,2025-09-15 10:59:33.762751,2025-09-16 06:49:59.243143,M002,359.16,868.61,0.1,60,POW_AlSi10Mg_062
B00750,2025-09-12 11:07:07.603104,2025-09-13 09:36:59.070181,M000,330.23,1151.6,0.2,30,POW_AlSi10Mg_060
B00751,2025-09-13 19:38:45.246847,2025-09-14 05:45:43.441114,M001,339.83,,0.2,60,POW_AlSi10Mg_061
B00752,2025-09-16 13:22:54.232529,2025-09-18 05:21:50.382656,M002,143.79,960.28,0.1,30,POW_AlSi10Mg_062
B00753,2025-09-13 20:18:31.171779,2025-09-14 21:38:20.269078,M000,353.96,1073.89,0.1,50,POW_AlSi10Mg_060
B00754,2025-09-14 10:23:14.603463,2025-09-16 11:39:35.402034,M001,197.12,472.11,0.1,50,POW_AlSi10Mg_061
B00755,2025-09-18 12:04:43.049469,2025-09-19 19:43:41.976328,M002,445.68,1193.29,0.1,30,POW_AlSi10Mg_062
B00756,2025-09-15 02:30:21.072623,2025-09-16 02:02:41.733989,M000,506.0,1040.87,0.1,40,POW_AlSi10Mg_063
B00757,2025-09-16 21:23:42.443429,2025-09-17 18:36:45.364639,M001,287.72,766.17,,30,POW_AlSi10Mg_061
B00758,2025-09-19 22:26:20.918693,2025-09-20 05:37:43.323104,M002,444.26,,0.2,40,POW_AlSi10Mg_062
B00759,2025-09-16 10:55:04.118693,2025-09-17 10:36:16.492474,M000,286.8,,0.1,30,POW_AlSi10Mg_063
B00760,2025-09-18 05:43:12.273420,2025-09-19 11:23:21.462708,M001,314.47,,0.2,60,POW_AlSi10Mg_064
B00761,2025-09-20 07:44:40.090502,2025-09-22 13:13:58.243074,M002,195.43,720.33,0.1,40,POW_AlSi10Mg_065
B00762,2025-09-17 20:53:02.123244,2025-09-19 00:26:44.211775,M000,203.83,1112.72,0.1,40,POW_AlSi10Mg_063
B00763,2025-09-19 19:49:04.434177,2025-09-22 08:56:08.071910,M001,190.79,,0.1,40,POW_AlSi10Mg_064
B00764,2025-09-22 23:33:36.642691,2025-09-24 12:37:57.682197,M002,300.47,1242.37,0.1,30,POW_AlSi10Mg_065
B00765,2025-09-19 04:16:35.840810,2025-09-19 23:22:06.268121,M000,445.6,1027.71,0.1,40,POW_AlSi10Mg_063
B00766,2025-09-22 20:43:54.988481,2025-09-24 04:55:56.502139,M001,441.09,970.72,0.1,40,POW_AlSi10Mg_064
B00767,2025-09-24 14:54:23.570394,2025-09-28 07:32:28.774034,M002,256.54,359.7,0.1,50,POW_AlSi10Mg_065
B00768,2025-09-20 09:41:56.197140,2025-09-20 21:11:35.168638,M000,147.36,848.21,0.1,60,POW_AlSi10Mg_063
B00769,2025-09-24 12:38:40.928436,2025-09-25 23:26:33.867526,M001,457.1,1158.41,0.1,30,POW_AlSi10Mg_064
B00770,2025-09-28 17:34:58.687440,2025-09-28 23:22:27.756369,M002,484.0,1196.81,0.2,50,POW_AlSi10Mg_065
B00771,2025-09-21 06:44:21.738950,2025-09-22 09:49:17.785641,M000,453.84,1023.11,0.1,30,POW_AlSi10Mg_063
B00772,2025-09-26 10:07:15.578955,2025-09-27 07:23:48.979107,M001,463.9,1055.76,0.1,50,POW_AlSi10Mg_064
B00773,2025-09-29 09:06:02.994544,2025-09-30 17:11:08.218513,M002,461.33,1195.19,0.1,40,POW_AlSi10Mg_065
B00774,2025-09-22 20:06:47.009964,2025-09-26 04:49:24.887348,M000,257.85,335.6,0.1,40,POW_AlSi10Mg_063
B00775,2025-09-27 13:19:29.702530,2025-09-28 12:31:52.146928,M001,210.19,806.79,0.1,30,POW_AlSi10Mg_064
B00776,2025-09-30 19:29:44.130174,2025-10-01 13:00:29.419013,M002,303.76,1015.5,0.1,50,POW_AlSi10Mg_065
B00777,2025-09-26 13:17:47.954918,2025-09-27 10:52:27.977180,M000,448.69,1185.61,0.1,60,POW_AlSi10Mg_063
B00778,2025-09-28 18:40:16.482682,2025-09-30 06:21:04.321522,M001,200.68,741.17,,50,POW_AlSi10Mg_064
B00779,2025-10-01 17:00:44.728898,2025-10-02 13:54:27.994581,M002,382.48,1028.21,0.2,40,POW_AlSi10Mg_065
B00780,2025-09-27 22:29:39.095862,2025-09-28 17:15:33.330392,M000,340.55,1178.37,0.1,40,POW_AlSi10Mg_066
B00781,2025-09-30 09:08:32.081886,2025-10-03 00:16:47.016238,M001,247.58,469.11,0.1,30,POW_AlSi10Mg_067
B00782,2025-10-02 16:09:18.391795,2025-10-03 09:30:03.403152,M002,435.45,1202.89,,60,POW_AlSi10Mg_068
B00783,2025-09-28 21:34:37.952381,2025-09-30 08:13:14.770636,M000,507.84,1148.2,0.1,30,POW_AlSi10Mg_066
B00784,2025-10-03 09:19:46.902904,2025-10-04 21:09:30.754186,M001,154.61,459.89,0.1,60,POW_AlSi10Mg_067
B00785,2025-10-03 19:42:24.960420,2025-10-04 19:24:25.929420,M002,449.25,1188.62,0.1,30,POW_AlSi10Mg_068
B00786,2025-09-30 17:41:39.416911,2025-10-01 19:54:51.023667,M000,441.58,783.23,0.1,60,POW_AlSi10Mg_066
B00787,2025-10-05 03:45:21.621272,2025-10-06 00:42:55.113304,M001,404.97,856.35,0.1,60,POW_AlSi10Mg_067
B00788,2025-10-04 22:51:45.859302,2025-10-06 06:55:13.311731,M002,385.11,,0.1,40,POW_AlSi10Mg_068
B00789,2025-10-02 02:08:18.441209,2025-10-02 13:59:21.695298,M000,336.79,1129.32,0.2,50,POW_AlSi10Mg_066
B00790,2025-10-06 09:13:43.195211,2025-10-06 20:36:32.676415,M001,391.19,1228.25,0.2,50,POW_AlSi10Mg_067
B00791,2025-10-06 08:59:35.020087,2025-10-07 18:29:46.255716,M002,146.77,756.03,0.1,50,POW_AlSi10Mg_068
B00792,2025-10-02 22:58:14.052871,2025-10-03 08:56:49.242499,M000,,756.65,0.2,50,POW_AlSi10Mg_066
B00793,2025-10-07 05:06:23.340576,2025-10-07 19:41:23.362257,M001,461.7,,,60,POW_AlSi10Mg_067
B00794,2025-10-08 04:48:10.170981,2025-10-09 09:25:18.380749,M002,,1152.01,0.1,40,POW_AlSi10Mg_068
B00795,2025-10-03 15:09:15.041804,2025-10-04 19:23:24.103230,M000,437.45,934.08,0.1,40,POW_AlSi10Mg_066
B00796,2025-10-08 05:35:24.175489,2025-10-09 03:27:59.492708,M001,448.67,1051.15,0.2,30,POW_AlSi10Mg_067
B00797,2025-10-09 17:49:15.562268,2025-10-10 21:58:03.037512,M002,220.54,801.53,0.1,50,POW_AlSi10Mg_068
B00798,2025-10-04 23:20:44.650655,2025-10-06 01:53:08.198961,M000,353.23,823.81,0.2,40,POW_AlSi10Mg_066
B00799,2025-10-09 12:52:25.445518,2025-10-10 17:15:21.601114,M001,439.07,819.85,0.1,40,POW_AlSi10Mg_067
B00800,2025-10-11 03:17:27.429516,2025-10-12 20:34:57.319662,M002,383.64,1209.61,0.1,30,POW_AlSi10Mg_069
B00801,2025-10-06 04:12:37.865865,2025-10-07 02:16:43.294034,M000,509.95,1286.14,0.1,40,POW_AlSi10Mg_070
B00802,2025-10-11 02:19:48.000850,2025-10-13 22:47:13.364110,M001,505.02,779.27,0.1,30,POW_AlSi10Mg_071
B00803,2025-10-13 06:42:46.054686,2025-10-14 06:33:45.065166,M002,362.2,1267.33,0.1,50,POW_AlSi10Mg_069
B00804,2025-10-07 11:07:33.578522,2025-10-09 01:05:35.334849,M000,387.91,1218.58,0.1,30,POW_AlSi10Mg_070
B00805,2025-10-14 08:08:13.254805,2025-10-15 01:47:48.990142,M001,394.02,1026.77,0.1,60,POW_AlSi10Mg_071
B00806,2025-10-14 09:32:26.203262,2025-10-15 05:04:58.481022,M002,393.87,826.57,0.1,60,POW_AlSi10Mg_069
B00807,2025-10-09 09:51:21.805309,2025-10-10 05:47:32.266390,M000,146.19,782.15,0.2,50,POW_AlSi10Mg_070
B00808,2025-10-15 13:04:02.763026,2025-10-17 15:54:05.120567,M001,236.01,468.96,0.1,40,POW_AlSi10Mg_071
B00809,2025-10-15 16:58:26.220057,2025-10-19 10:02:30.488421,M002,244.97,264.02,,40,POW_AlSi10Mg_069
B00810,2025-10-10 16:18:22.867989,2025-10-11 02:52:19.380316,M000,437.98,1052.12,0.1,60,POW_AlSi10Mg_070
B00811,2025-10-18 03:26:48.455663,2025-10-20 14:37:28.302521,M001,250.75,,0.1,40,POW_AlSi10Mg_071
B00812,2025-10-19 18:05:34.957722,2025-10-21 02:42:15.252034,M002,293.02,1102.0,0.1,30,POW_AlSi10Mg_069
B00813,2025-10-11 14:50:06.961297,2025-10-12 06:44:22.395804,M000,512.85,1277.77,0.2,30,POW_AlSi10Mg_070
B00814,2025-10-20 21:12:20.961683,2025-10-22 02:12:40.585561,M001,447.97,1320.3,0.1,30,POW_AlSi10Mg_071
B00815,2025-10-21 05:06:02.087319,2025-10-21 19:26:27.166202,M002,485.52,1336.86,0.1,60,POW_AlSi10Mg_069
B00816,2025-10-12 13:15:09.920205,2025-10-13 13:36:11.727294,M000,352.44,1249.18,0.1,30,POW_AlSi10Mg_070
B00817,2025-10-22 11:36:40.930993,2025-10-23 23:19:43.823796,M001,462.48,,0.1,30,POW_AlSi10Mg_071
B00818,2025-10-22 01:59:09.332315,2025-10-22 21:43:07.287372,M002,352.56,1146.7,0.1,50,POW_AlSi10Mg_069
B00819,2025-10-13 23:05:53.438761,2025-10-15 12:26:11.066717,M000,187.38,727.17,0.1,40,POW_AlSi10Mg_070
B00820,2025-10-24 06:49:35.273208,2025-10-25 08:59:33.348303,M001,263.67,860.26,0.1,40,POW_AlSi10Mg_072
B00821,2025-10-23 02:18:04.732015,2025-10-24 06:07:52.149876,M002,353.99,1011.35,0.1,50,POW_AlSi10Mg_073
B00822,2025-10-15 17:00:19.832744,2025-10-16 16:35:00.230426,M000,,836.06,0.2,30,POW_AlSi10Mg_074
B00823,2025-10-25 20:48:31.045972,2025-10-27 00:01:09.434316,M001,360.14,1177.61,0.1,50,POW_AlSi10Mg_072
B00824,2025-10-24 10:45:13.074329,2025-10-25 00:21:15.696314,M002,261.68,1005.72,0.2,60,POW_AlSi10Mg_073
B00825,2025-10-17 03:03:45.158930,2025-10-18 11:15:43.678634,M000,397.7,1164.02,0.1,40,POW_AlSi10Mg_074
B00826,2025-10-27 11:50:39.114622,2025-10-28 08:43:47.521412,M001,254.0,838.52,0.1,60,POW_AlSi10Mg_072
B00827,2025-10-25 04:42:38.380537,2025-10-26 18:50:52.515459,M002,484.83,801.03,0.1,30,POW_AlSi10Mg_073
B00828,2025-10-18 22:55:26.410160,2025-10-19 14:18:55.611619,M000,371.11,955.24,0.1,50,POW_AlSi10Mg_074
B00829,2025-10-28 11:39:32.168826,2025-10-29 09:21:13.150191,M001,,738.43,0.1,60,POW_AlSi10Mg_072
B00830,2025-10-27 00:13:02.573806,2025-10-27 23:33:37.518615,M002,240.86,756.44,0.1,60,POW_AlSi10Mg_073
B00831,2025-10-19 17:08:35.193408,2025-10-20 22:02:14.634119,M000,150.74,774.37,0.1,40,POW_AlSi10Mg_074
B00832,2025-10-29 20:20:15.011883,2025-11-02 01:18:50.351827,M001,303.56,,,30,POW_AlSi10Mg_072
B00833,2025-10-28 09:46:29.372538,2025-10-29 01:00:23.651654,M002,438.34,1193.66,0.1,50,POW_AlSi10Mg_073
B00834,2025-10-21 01:12:07.395475,2025-10-21 22:57:54.033587,M000,455.53,1144.06,0.1,40,POW_AlSi10Mg_074
B00835,2025-11-02 11:20:31.421973,2025-11-03 20:22:39.621507,M001,167.78,951.29,0.1,40,POW_AlSi10Mg_072
B00836,2025-10-29 08:04:45.027945,2025-10-30 14:20:30.487690,M002,384.92,1177.67,0.1,30,POW_AlSi10Mg_073
B00837,2025-10-22 04:01:25.980109,2025-10-22 20:44:45.592023,M000,255.2,1025.13,0.1,50,POW_AlSi10Mg_074
B00838,2025-11-04 06:18:39.492634,2025-11-05 05:29:35.319810,M001,306.21,1173.59,0.1,50,POW_AlSi10Mg_075
B00839,2025-10-31 01:57:04.556472,2025-11-01 07:18:42.305509,M002,312.33,748.59,0.1,40,POW_AlSi10Mg_076
B00840,2025-10-23 04:54:06.858230,2025-10-25 15:12:12.354150,M000,303.42,435.58,0.1,50,POW_AlSi10Mg_074
B00841,2025-11-05 14:19:08.696482,2025-11-06 07:40:45.350089,M001,391.78,,0.1,60,POW_AlSi10Mg_075
B00842,2025-11-01 17:00:52.411859,2025-11-02 16:21:41.226462,M002,360.8,,0.1,60,POW_AlSi10Mg_076
B00843,2025-10-25 21:39:18.122336,2025-10-27 00:38:07.632181,M000,162.98,1036.87,,50,POW_AlSi10Mg_077
B00844,2025-11-06 10:59:31.662087,2025-11-07 03:37:59.441476,M001,253.33,950.38,0.1,60,POW_AlSi10Mg_075
B00845,2025-11-02 23:33:33.075523,2025-11-03 09:54:31.830473,M002,199.6,1223.65,0.2,60,POW_AlSi10Mg_076
B00846,2025-10-27 03:16:30.376333,2025-10-27 16:15:53.789548,M000,514.43,1194.42,0.1,60,POW_AlSi10Mg_077
B00847,2025-11-07 13:54:01.271112,2025-11-08 10:52:17.994601,M001,453.0,943.78,0.2,30,POW_AlSi10Mg_075
B00848,2025-11-03 16:55:31.984982,2025-11-04 11:38:37.248275,M002,248.94,993.43,0.1,30,POW_AlSi10Mg_076
B00849,2025-10-27 23:05:53.487000,2025-10-28 17:04:03.466795,M000,147.31,834.63,0.1,60,POW_AlSi10Mg_077
B00850,2025-11-08 22:26:47.451310,2025-11-09 22:43:02.375792,M001,456.14,982.33,0.1,40,POW_AlSi10Mg_075
B00851,2025-11-04 21:35:19.233331,2025-11-06 11:31:48.549817,M002,186.9,849.34,0.1,30,POW_AlSi10Mg_076
B00852,2025-10-29 01:32:40.185448,2025-10-31 07:42:18.840030,M000,242.8,279.27,0.2,50,POW_AlSi10Mg_077
B00853,2025-11-10 06:23:21.170425,2025-11-12 19:47:57.834002,M001,153.14,377.49,,30,POW_AlSi10Mg_075
B00854,2025-11-06 19:53:48.536434,2025-11-07 15:12:56.410543,M002,309.57,1210.38,0.1,50,POW_AlSi10Mg_076
B00855,2025-10-31 18:31:24.513854,2025-11-03 12:55:40.243672,M000,314.86,,,60,POW_AlSi10Mg_077
B00856,2025-11-13 03:42:17.848650,2025-11-14 17:26:06.058666,M001,138.14,799.88,0.1,30,POW_AlSi10Mg_078
B00857,2025-11-07 19:31:15.254623,2025-11-08 16:37:29.080255,M002,261.06,864.86,0.1,50,POW_AlSi10Mg_079
B00858,2025-11-04 00:33:20.959460,2025-11-04 17:58:35.342833,M000,457.93,1156.25,0.1,40,POW_AlSi10Mg_077
B00859,2025-11-15 05:25:24.051654,2025-11-16 12:56:39.062311,M001,347.26,1238.51,0.1,30,POW_AlSi10Mg_078
B00860,2025-11-08 21:49:49.259456,2025-11-09 23:05:29.728722,M002,,983.45,0.1,40,POW_AlSi10Mg_079
B00861,2025-11-05 02:54:20.666087,2025-11-05 23:10:26.306597,M000,207.86,806.63,0.1,60,POW_AlSi10Mg_080
B00862,2025-11-16 20:45:36.567728,2025-11-19 09:36:27.358271,M001,162.89,376.79,0.1,50,POW_AlSi10Mg_078
B00863,2025-11-10 09:22:44.280435,2025-11-10 17:48:35.853634,M002,303.35,1261.71,0.2,60,POW_AlSi10Mg_079
B00864,2025-11-06 07:25:58.797164,2025-11-06 12:12:04.702871,M000,422.06,1029.27,0.2,50,POW_AlSi10Mg_080
B00865,2025-11-19 14:37:23.901626,2025-11-20 14:32:39.818559,M001,436.33,1059.34,0.2,30,POW_AlSi10Mg_078
B00866,2025-11-11 00:41:56.233727,2025-11-11 09:09:26.458379,M002,398.26,1220.82,0.2,60,POW_AlSi10Mg_079
B00867,2025-11-06 18:20:40.969530,2025-11-07 05:09:49.868622,M000,482.52,1172.74,0.2,60,POW_AlSi10Mg_080
B00868,2025-11-20 22:26:00.865373,2025-11-21 22:21:39.512810,M001,447.94,,0.1,40,POW_AlSi10Mg_078
B00869,2025-11-11 11:11:30.313569,2025-11-12 07:50:08.873084,M002,407.57,1203.1,0.1,50,POW_AlSi10Mg_079
B00870,2025-11-07 07:28:46.022426,2025-11-09 13:58:29.712663,M000,298.47,858.17,0.1,30,POW_AlSi10Mg_080
B00871,2025-11-22 08:11:47.464424,2025-11-23 08:42:24.481888,M001,384.16,1230.55,0.1,50,POW_AlSi10Mg_078
B00872,2025-11-12 15:00:13.846120,2025-11-13 11:26:15.097474,M002,453.61,,0.1,30,POW_AlSi10Mg_079
B00873,2025-11-09 16:46:19.074058,2025-11-10 08:57:40.479292,M000,304.3,782.36,0.1,50,POW_AlSi10Mg_080
B00874,2025-11-23 18:52:45.054944,2025-11-26 04:47:44.610911,M001,167.49,344.45,0.1,50,POW_AlSi10Mg_081
B00875,2025-11-13 15:07:51.140264,2025-11-16 08:34:38.111114,M002,207.37,390.66,0.1,50,POW_AlSi10Mg_079
B00876,2025-11-10 20:40:38.269081,2025-11-11 07:02:43.229375,M000,508.1,,0.1,30,POW_AlSi10Mg_080
B00877,2025-11-26 08:43:40.258305,2025-11-28 22:06:42.817931,M001,192.14,449.89,0.1,40,POW_AlSi10Mg_081
B00878,2025-11-16 17:45:30.837984,2025-11-17 23:47:20.771345,M002,348.95,974.25,0.1,30,POW_AlSi10Mg_082
B00879,2025-11-11 17:06:24.806823,2025-11-12 13:04:15.504123,M000,447.0,1167.26,0.1,30,POW_AlSi10Mg_080
B00880,2025-11-29 01:49:11.108736,2025-11-29 19:36:25.329368,M001,446.63,976.54,0.1,60,POW_AlSi10Mg_081
B00881,2025-11-18 03:12:56.757839,2025-11-18 20:14:53.887189,M002,346.57,1218.63,0.1,50,POW_AlSi10Mg_082
B00882,2025-11-12 18:23:42.690354,2025-11-13 23:04:54.552252,M000,351.19,414.97,0.1,50,POW_AlSi10Mg_080
B00883,2025-11-30 04:16:35.068433,2025-12-01 16:12:41.575135,M001,272.79,926.01,0.1,50,POW_AlSi10Mg_081
B00884,2025-11-19 02:55:53.608277,2025-11-21 17:32:55.889754,M002,202.07,474.85,0.1,30,POW_AlSi10Mg_082
B00885,2025-11-14 03:46:33.427567,2025-11-14 20:47:26.858771,M000,294.95,,0.2,40,POW_AlSi10Mg_080
B00886,2025-12-01 22:21:05.790022,2025-12-02 15:07:58.155365,M001,395.65,1186.14,0.1,40,POW_AlSi10Mg_081
B00887,2025-11-21 22:07:05.388739,2025-11-23 17:34:07.984720,M002,469.43,,0.1,30,POW_AlSi10Mg_082
B00888,2025-11-14 23:36:58.743423,2025-11-16 17:08:34.294668,M000,289.74,972.23,0.1,30,POW_AlSi10Mg_083
B00889,2025-12-03 01:23:40.891796,2025-12-04 23:15:31.983625,M001,290.02,454.58,0.1,50,POW_AlSi10Mg_081
B00890,2025-11-24 02:30:22.974715,2025-11-24 14:53:18.521443,M002,,1237.83,0.1,40,POW_AlSi10Mg_082
B00891,2025-11-16 19:53:28.437279,2025-11-17 19:01:26.027372,M000,493.53,751.06,0.1,60,POW_AlSi10Mg_083
B00892,2025-12-05 07:14:32.865145,2025-12-05 18:18:12.276691,M001,418.39,1150.61,0.1,60,POW_AlSi10Mg_084
B00893,2025-11-24 21:29:34.758476,2025-11-26 11:07:43.768255,M002,164.27,506.42,0.2,40,POW_AlSi10Mg_082
B00894,2025-11-17 22:13:30.667855,2025-11-18 17:59:45.505483,M000,410.86,916.47,0.1,60,POW_AlSi10Mg_083
B00895,2025-12-05 22:38:02.243530,2025-12-07 10:30:36.380644,M001,391.81,,0.1,40,POW_AlSi10Mg_084
B00896,2025-11-26 14:23:43.240412,2025-11-27 11:11:02.699383,M002,240.88,860.64,0.2,50,POW_AlSi10Mg_082
B00897,2025-11-19 03:30:56.485147,2025-11-21 14:38:41.080562,M000,250.75,364.27,0.1,40,POW_AlSi10Mg_083
B00898,2025-12-07 17:54:41.910257,2025-12-09 10:10:59.745600,M001,307.27,748.08,0.2,30,POW_AlSi10Mg_084
B00899,2025-11-27 17:24:18.559951,2025-11-28 07:01:00.859026,M002,441.45,,0.2,50,POW_AlSi10Mg_085
B00900,2025-11-22 00:20:49.011807,2025-11-22 21:30:15.181501,M000,406.41,1156.75,0.1,60,POW_AlSi10Mg_083
B00901,2025-12-09 15:39:51.142852,2025-12-12 15:18:06.981476,M001,201.91,,0.1,40,POW_AlSi10Mg_084
B00902,2025-11-28 11:32:51.856571,2025-11-28 23:38:15.963638,M002,492.41,1253.62,0.2,40,POW_AlSi10Mg_085
